"","SNP","CHR","BP","A1","A2","P","Astro","Endo","L2-3 IT","L5 ET","L5 IT","L5-6 NP","L6 CT","L6 IT","L6 IT Car3","L6b","LAMP5","Micro-PVM","Oligo","OPC","PVALB","SNCG","SST","SST CHODL","VIP","VLMC"
"1","rs645383","1","36373823","C","G","3.883e-10","0","0","0","0","0","0","0","0","0","0","0","1.21693791615286","0","0","0","0","0","0","0","0"
"2","rs815609","5","153516901","A","G","6.128e-10","0","0","0","0","0","0","0","0","0","0","0","0","0","0","0","0","1.13886854662263","0","0","0"
"3","rs61789527","1","97146047","G","A","9.987e-10","1.7224523189333","0","0","0","0","0","0","0","0","0","0","0","1.31835306828662","0","0","0","0","0","0","0"
"4","rs13293831","9","129665139","C","T","1.924e-09","0","0","0","0","0","0","0","0","0","0","0","0","0","2.58671435994456","0","0","0","0","0","0"
"5","rs62278591","3","161444453","C","T","2.461e-09","0","0","0","0","0","0","1.83224996024181","0","0","0","0","0","0","0","0","0","0","0","0","0"
"6","rs3764002","12","108618630","C","T","2.917e-09","0","0","0","0","0","0","0","0","0","0","0","2.37929143370397","0","0","0","0","0","0","0","0"
"7","rs34879738","5","90272197","A","G","8.448e-09","0","0","0","0","0","0","0","0","0","0","0","0","0","0","1.70862442299908","0","0","0","0","0"
"8","rs12885251","14","99670791","G","A","9.56e-09","2.95408395101397","0","0","0","0","0","0","0","0","0","0","0","0","0","0","0","0","0","0","0"
"9","rs12877581","13","74325499","G","C","1.925e-08","0","0","0","0","0","0","0","0","0","0","0","0","0","1.69767578751468","1.24580882345945","0","0","0","0","0"
"10","rs8101499","19","19476984","A","G","7.738e-16","0","0","1.57387910083293","0","0","0","0","0","0","0","0","0","0","0","0","0","0","0","0","0"
"11","rs7811528","7","2702816","A","G","3.08e-08","0","0","0","0","0","0","0","0","0","0","0","0","1.60884661026074","1.12966972326475","0","0","0","0","1.20681571777178","0"
"12","rs12671608","7","153524115","T","C","3.656e-08","4.13094862618238","0","1.61767606109299","0","0","0","0","0","0","0","0","0","0","0","0","0","0","0","0","0"
"13","rs76365544","22","44146279","G","C","4.495e-08","0","0","0","0","0","0","0","0","0","0","0","0","0","0","1.47759983631286","0","0","0","0","0"
"14","rs16851048","1","177276006","T","C","4.694e-14","0","0","0","0","0","0","0","0","0","0","0","0","0","0","0","0","2.46943455205989","0","0","0"
